feature,importance
X1,0.3637400380790178
X2,0.17083863068389407
X4,0.1516311864012595
X5,0.15109570803626257
X7,0.07795124364384112
X3,0.07277181194645353
X8,0.011221723466817666
X6,0.000749657742453933
